{
    "1": 0.9972966313362122,
    "2": 0.3140142560005188,
    "3": 0.8859245777130127,
    "4": 0.2979110777378082,
    "5": 0.21867182850837708,
    "6": 0.21104270219802856,
    "7": 0.9979470372200012,
    "8": 6.370224241436517e-07,
    "9": 0.001913445070385933,
    "10": 0.14174975454807281,
    "11": 0.48455753922462463,
    "12": 0.17580433189868927,
    "13": 0.17071481049060822,
    "14": 0.7653684616088867,
    "15": 0.2454708218574524,
    "16": 0.04238484799861908,
    "17": 0.14974625408649445,
    "18": 0.19133485853672028,
    "19": 0.6224485635757446,
    "20": 0.7840501070022583,
    "21": 0.47045257687568665,
    "22": 0.7162066698074341,
    "23": 0.0001407310919603333,
    "24": 0.7480604648590088,
    "25": 6.141617632238194e-05,
    "26": 0.6903216242790222,
    "27": 0.9766061305999756,
    "28": 0.7566935420036316,
    "29": 0.2744464874267578,
    "30": 0.12060986459255219,
    "31": 0.0014451403403654695,
    "32": 0.9978474378585815,
    "33": 0.05128731206059456,
    "34": 0.829310953617096,
    "35": 0.1432323306798935,
    "36": 5.377830802899553e-07,
    "37": 0.8198665380477905,
    "38": 0.026206156238913536,
    "39": 0.8651320338249207,
    "40": 0.0012390150222927332,
    "41": 0.8059980273246765,
    "42": 0.5878203511238098,
    "43": 0.4459521472454071,
    "44": 0.07403908669948578,
    "45": 0.46013161540031433,
    "46": 0.12881748378276825,
    "47": 0.7408480644226074,
    "48": 0.1932409107685089,
    "49": 0.3878936469554901,
    "50": 0.17013995349407196,
    "51": 0.9446367025375366,
    "52": 0.9905180335044861,
    "53": 0.9088061451911926,
    "54": 0.00239310460165143,
    "55": 0.9966160655021667,
    "56": 0.8178485631942749,
    "57": 0.5576428771018982,
    "58": 0.7929124236106873,
    "59": 0.047877997159957886,
    "60": 0.30111783742904663,
    "61": 0.24405819177627563,
    "62": 0.46694624423980713,
    "63": 0.25529393553733826,
    "64": 0.14264152944087982,
    "65": 0.4209018647670746,
    "66": 0.7850548624992371,
    "67": 0.3337051570415497,
    "68": 0.8015528917312622,
    "69": 0.03603386506438255,
    "70": 0.6004845499992371,
    "71": 0.2302227020263672,
    "72": 0.8779714703559875,
    "73": 0.10991557687520981,
    "74": 0.27219158411026,
    "75": 0.9086477756500244,
    "76": 0.32626935839653015,
    "77": 0.6317826509475708,
    "78": 0.6167744398117065,
    "79": 0.009626821614801884,
    "80": 0.7603317499160767,
    "81": 0.26287925243377686,
    "82": 0.3676224946975708,
    "83": 0.15836690366268158,
    "84": 0.5578904151916504,
    "85": 0.20562443137168884,
    "86": 0.6047137975692749,
    "87": 0.8033525347709656,
    "88": 0.16267991065979004,
    "89": 0.9039158225059509,
    "90": 0.3472670614719391,
    "91": 0.4892641603946686,
    "92": 0.9017755389213562,
    "93": 0.9848154783248901,
    "94": 0.4740985035896301,
    "95": 0.8817312717437744,
    "96": 0.5878127217292786,
    "97": 0.7780065536499023,
    "98": 0.8114858865737915,
    "99": 0.9551852941513062,
    "100": 0.2667678892612457,
    "101": 6.038174888089998e-06,
    "102": 0.04869414120912552,
    "103": 0.409341961145401,
    "104": 0.8848870396614075,
    "105": 0.9930659532546997,
    "106": 0.04174400866031647,
    "107": 0.21821224689483643,
    "108": 0.6875658631324768,
    "109": 0.497029185295105,
    "110": 0.4739155173301697,
    "111": 0.9880161881446838,
    "112": 8.530785271432251e-05,
    "113": 0.9381824135780334
}